name,year,album_id,artist,danceability,energy,loudness,mode,speechiness,acousticness,instrumentalness,liveness,valence,tempo
Quebec,2003,0GOWw5YVpOmIX6mUtjLi30,Ween,0.522162295,0.513295082,-9.602406557,0.819672131,0.064535246,0.360935651,0.411714515,0.162321311,0.402858852,133.9813639
Salad Days,2014,2sij95QgjmgrhNv33achzn,Mac DeMarco,0.5198769,0.649355623,-7.650153495,0.670212766,0.053951064,0.245943799,0.271380788,0.195285714,0.544575988,129.6361717
Welcome to my World,2006,24cxJPhtyRyITkV9VEt4E9,Daniel Johnston,0.49000289,0.341463584,-11.76934971,0.667630058,0.081632659,0.931893064,0.179986086,0.228580925,0.550942197,116.758922
Rotten,2014,2jgKK8iIX83mPrCyDhvEdf,BONES,0.631418778,0.270977347,-17.61197914,0.716840537,0.072578241,0.670351714,0.500801136,0.161733085,0.201204024,118.8699762
77,1977,5eqcF7pWzHgWpGdEmHgeSN,Talking Heads,0.7102106,0.633451883,-7.756630404,0.691771269,0.047345607,0.162667782,0.001091454,0.176234589,0.834227336,123.5197057
Richard D James,1996,77Lae5VorRCNpgZFMW8yRO,Aphex Twin,0.545653753,0.727498789,-8.349651332,0.866828087,0.08798063,0.431469467,0.786402421,0.183064165,0.46231477,153.4840751
Pieces of a Man,1971,3Iny1eqJMoqU1I1UoUbVQl,Gil Scott-Heron,0.607121101,0.568337615,-9.949462385,0.434862385,0.05506422,0.483755963,0.001022853,0.179850275,0.745746789,134.6460128
To Pimp A Butterfly,2015,7ycBtnsMtyVbbwTfJwRjSP,Kendrick Lamar,0.598537727,0.709264565,-5.766673352,0.510028653,0.28916638,0.311187545,1.03e-05,0.311051958,0.489438395,103.8924317
Ants From Up There,2022,21xp7NdU1ajmO1CX0w2Egd,"Black Country, New Road",0.398607477,0.372450093,-11.1169215,1.0,0.035428972,0.292049346,0.200216349,0.14027215,0.255410841,108.0114411
The Stranger,1977,1Mhn9VosyjtWn4dMPFlna6,Billy Joel,0.480572016,0.665954733,-8.180342593,0.874485597,0.097031481,0.420851337,0.000220222,0.353932099,0.445478395,110.5455833
Circles,2020,5sY6UIQ32GqwMLAfSNEaXb,Mac Miller,0.743827715,0.363402747,-11.27847316,0.585518102,0.131788514,0.480701748,0.040352457,0.123817978,0.345706117,115.8060524
6 Feet Beneath the Moon,2013,6uvdXVgHsioxRIo0cFnkD7,King Krule,0.536781513,0.513005042,-9.328786555,0.648739496,0.095894118,0.604598655,0.018497432,0.263844706,0.223512773,113.0018739
Flower Boy,2017,2nkto6YNI4rUYTLqEwWJ3o,"Tyler, The Creator",0.563959432,0.562475659,-9.023242394,0.720081136,0.229090771,0.364159229,0.053795101,0.282018357,0.381021298,98.36456085
Songs From The Big Chair,1985,3myPwaMYjdwhtq0nFgeG6W,Tears For Fears,0.545369176,0.687202867,-11.92217348,0.648028674,0.043550108,0.256096623,0.170352157,0.250314337,0.479602867,107.7891326
Have You Seen My Prefrontal Cortex?,2010,0Y4iT3CjzM5gkKBrRQW330,A Great Big Pile of Leaves,0.530506369,0.628627389,-6.392378981,1.0,0.040527389,0.425675159,0.115650513,0.194993312,0.437961783,134.5407739
Depression Cherry,2015,194CqC2Zi0kUFEPWedb3qr,Beach House,0.416813861,0.566144554,-7.701972277,0.837623762,0.029296634,0.46785802,0.414225743,0.115236238,0.305489505,124.1654911
In Rainbows,2007,5vkqYmiPBYLaalcmjujWxK,Radiohead,0.530124077,0.594435746,-8.618556869,0.394387001,0.037706647,0.460728242,0.386983752,0.093312408,0.397688183,120.5127976
Sleep Cycle,2016,3koPfjNNoh3JJ0AD6WnKtT,Deakin,0.29612766,0.733148936,-6.69451773,0.794326241,0.054491489,0.553131915,0.191484493,0.31870922,0.437257447,151.6820496
Stratosphere,1998,2S3289mypNw2zP0OpFexMb,Duster,0.514336782,0.496708046,-11.38738506,0.9,0.063164598,0.554947365,0.792761149,0.141409195,0.229705632,113.7916609
Giles Corey,2015,55U9LPwlaFmsgOsLyJnrmu,Giles Corey,0.285520499,0.305998061,-12.57000554,0.673130194,0.036696122,0.669567867,0.510807681,0.107955125,0.097372576,111.6040443
channel ORANGE,2012,392p3shh2jkxUxY2VHvlH8,Frank Ocean,0.555967549,0.483468488,-10.06202562,0.640478224,0.139186678,0.383171307,0.141532202,0.267092229,0.400167549,112.0281477
plague town,2021,4vE4Kr73Pai0UGZ98J4tW6,8485,0.464189474,0.563989474,-8.541589474,1.0,0.045155789,0.283101011,0.101638078,0.165111053,0.294021053,138.1980368
Eversince,2016,0ZyoyTZbl3g0IwkNlpg633,Bladee,0.621342105,0.499171053,-8.844355263,1.0,0.033060338,0.464801692,0.000592325,0.17610282,0.269698872,121.8884455
Discovery,2001,2noRn2Aes5aoNVsU6iWThc,Daft Punk,0.676905869,0.646500554,-11.17183499,0.496124031,0.099227907,0.179659247,0.513892691,0.182960465,0.49003876,120.0433422
Graduation,2007,4SZko61aMnmgvNhfhgTuD3,Kanye West,0.577563531,0.625798254,-7.308666343,0.57613967,0.180559457,0.11645581,4.46e-05,0.306990107,0.513867119,100.617969
KIDS SEE GHOSTS,2018,6pwuKxMUkNg673KETsXPUV,KIDS SEE GHOSTS,0.651244395,0.618926009,-6.128692825,0.587443946,0.122258072,0.25285343,0.006367727,0.219910314,0.381778027,120.8855785
LOVETHEISM,2020,5zFJGeTh4xEJAMXkRN51J5,HARU NEMURI,0.523254902,0.882836601,-2.920875817,0.869281046,0.132515033,0.074025725,0.092896363,0.215329412,0.301096732,132.9667712
Give Up,2003,5MoaDbFw4nrm2P7Om1on3b,The Postal Service,0.625382105,0.661306316,-8.089782105,0.883157895,0.042545789,0.220970477,0.216032495,0.153182842,0.421396947,135.5426053
Pure Heroine,2013,0rmhjUgoVa17LZuS8xWQ3v,Lorde,0.621655474,0.473059854,-9.151162044,0.823357664,0.067008905,0.331751533,0.105161182,0.175173723,0.229908467,118.7822482
Blonde,2016,3mH6qwIy9crq0I9YQbOuDf,Frank Ocean,0.515699503,0.388137914,-10.99903974,0.640728477,0.17451043,0.718760762,0.001687459,0.212896854,0.43507351,110.6096854
Purple Rain,1984,7nXJ5k4XgRj5OLg9m8V3zc,Prince,0.569782772,0.719252809,-9.530410112,0.679775281,0.061634082,0.081206742,0.021474761,0.401001498,0.548340824,132.528912
Sgt. Pepper's Lonely Hearts Club Band,1967,6QaVfG1pHYl1z15ZxkvVDW,The Beatles,0.513685676,0.474230769,-10.03406897,0.771883289,0.049433024,0.30326817,0.040061161,0.378522812,0.622509284,115.4856897
Pet Sounds,1966,6GphKx2QAPRoVGWE9D7ou8,The Beach Boys,0.439089491,0.545507389,-8.080108374,0.779967159,0.031914039,0.390941626,0.108137247,0.1404578,0.496055747,116.7034672
Highway 61 Revisited,1965,6YabPKtZAjxwyWbuO9p4ZD,Bob Dylan,0.450875294,0.669729412,-7.161642353,0.88,0.035915059,0.669762353,9.95e-06,0.255726353,0.56528,103.6905788
Exile on Main St.,1972,5U4dnRZsfW8NmwBBkELFPh,The Rolling Stones,0.495826901,0.812939181,-5.317040936,1.0,0.04116924,0.490331579,0.51276843,0.344948538,0.726381287,119.4666175
What's Going On,1971,2v6ANhWhZBUKkg6pJJBs3B,Marvin Gaye,0.434884921,0.581289683,-11.52843056,0.214285714,0.049396825,0.54321627,0.156967198,0.32173254,0.598140079,112.8432837
Nevermind,1991,2guirTSEqLizK7j9i1MTTZ,Nirvana,0.442066351,0.803712085,-6.323356635,0.54028436,0.078916588,0.126448224,0.097844905,0.136074763,0.363500474,137.0946374
Thriller,1982,2X8UOIkZQdcz2Hi5Ynt2uk,Michael Jackson,0.789542265,0.8574689,-3.852634769,0.770334928,0.102950718,0.127023764,0.003368548,0.318440351,0.612210526,112.6273285
Revolver,1966,1cTeNkeINtXiaMLlashAKs,The Beatles,0.490143568,0.530756017,-10.48167137,0.83153527,0.053186307,0.253192639,0.020299076,0.172810954,0.600277178,119.860034
Beggars Banquet,1968,6OHri5qNxwCdVSdyCslspd,The Rolling Stones,0.50775431,0.63156681,-8.573155172,0.829741379,0.070139009,0.286019612,0.035513842,0.130712931,0.499821121,126.9345345
OK Computer,1997,6dVIqQ8qmQ5GBnJ9shOYGE,Radiohead,0.288289308,0.560745912,-9.122675472,0.679245283,0.05309434,0.126478086,0.15271026,0.156962893,0.281899623,114.4580704
Blonde on Blonde,1966,4WD4pslu83FF6oMa1e19mF,Bob Dylan,0.467398058,0.394153398,-15.50917282,1.0,0.043064078,0.494485437,0.000399536,0.090888544,0.53983301,123.1187262
London Calling,1979,6FCzvataOZh68j8OKzOt9a,The Clash,0.599470528,0.744481707,-8.372395325,0.796747967,0.067081402,0.050749736,0.007855815,0.216381911,0.792872967,134.8816677
Born to Run,1975,43YIoHKSrEw2GJsWmhZIpu,Bruce Springsteen,0.363599558,0.767117257,-5.447926991,0.867256637,0.046422345,0.328220686,0.120423867,0.214720354,0.579044248,123.8050465
The Dark Side of the Moon,1973,4LH4d3cOWNNsVw41Gqt2kv,Pink Floyd,0.381988423,0.399042692,-15.46115051,0.7829233,0.059176122,0.392324602,0.583451737,0.236570478,0.279235745,119.9139204
The Black Parade ,2006,0FZK97MXMm5mUQ8mtudjuK,My Chemical Romance,0.380279094,0.805515963,-4.115720906,0.785787848,0.076495263,0.093468744,0.001697387,0.207006179,0.358624099,137.3161236
Take this to your Grave,2003,7l4nnHG7upOnUM4WvAjToY,Fall Out Boy,0.551706924,0.942272142,-4.004128824,0.755233494,0.09185781,0.000613029,6.03e-06,0.32995475,0.551098229,118.6241771
From Under the Cork Tree,2005,5nkUSlIhtoJZMOUlB0sNCp,Fall Out Boy,0.503549738,0.924218586,-3.702544503,0.761780105,0.078318586,0.003176102,5.96e-07,0.292152749,0.575269634,147.6046113
Infinity on High,2007,0hHopYqXhuvYSHtVyrcb1g,Fall Out Boy,0.473866469,0.897020772,-3.909004946,0.768545994,0.067513155,0.046027645,9.31e-05,0.25098368,0.52735905,147.7994332
A Fever You Canâ€™t Sweat Out,2005,2YeOhhJg3OWpN0F1VYPxtW,Panic! At The Disco,0.505782069,0.804486897,-5.486489655,0.293793103,0.133041517,0.166058207,0.057169655,0.312337379,0.545753103,147.2262676
Pretty. Odd.,2008,7Hk9WbjPbN1n2GXaK7aldw,Panic! At The Disco,0.461755365,0.656377682,-7.3081402,0.818311874,0.05861073,0.235066667,2.25e-05,0.187260372,0.444925608,131.4085165
Appeal to Reason,2008,4ebodSLpRqbuQjpGlDZglH,Rise Against,0.366891711,0.900867647,-3.568093583,0.461229947,0.067346658,0.046415145,0.00471814,0.192209358,0.472998663,136.2271591
Every Trick in the Book,2015,0MtwutrtuXl0IkY4W7ByaO,Ice Nine Kills,0.376517699,0.933446903,-3.52275885,0.502212389,0.226060841,0.051090232,0.017027761,0.157167257,0.167630973,144.3170088
Deathconsciousness,2008,6MH3CAXp8AN8ELrbex18dM,Have A Nice Life,0.314610853,0.455069767,-12.52337674,0.482170543,0.040392403,0.371196713,0.689611349,0.307769922,0.163331783,100.8627876
Scattered Memories,2019,1gdqUcyBzUwIUjIQvrK2d8,Saba Alizadeh,0.276987879,0.354333333,-16.12121212,0.424242424,0.048963636,0.863939394,0.587545455,0.297412121,0.063872727,101.5159394
Stardust,1992,6mmdGbU5o5f5VzZGsQ5VRO,Sea Urchins,0.354736264,0.626065934,-10.36004396,1.0,0.029856044,0.102010582,0.304217848,0.203067033,0.68510989,144.6967143
Fatale,2006,1zp7CUgpiQM0HEP9IyVwpF,Colette,0.632857143,0.857142857,-5.249571429,0.214285714,0.03505,0.033972143,0.052865,0.097757143,0.537428571,127.0049286
Souvlaki,1994,4i21O3uVh5palcfFhCjlT7,Slowdive,0.312808786,0.577372093,-10.48884755,0.430232558,0.04492416,0.301121046,0.707138243,0.162958398,0.233285659,127.6743682
Adaptive Emotional Use,2019,0wK8zxrmKXMK4VoYWcYsrA,Death Kneel,0.1656666666666666,0.6696666666666667,-8.873,0.6666666666666666,0.1558333333333333,0.002232,0.5833333333333334,0.206,0.1364,80.60033333333332
Oh Me Oh My,2023,0dAoFQwWh0l6EJ0Hw23p2l,Johnny Mac And The Faithful,0.741,0.783,-5.473,1.0,0.0549,0.0313,3.64e-06,0.398,0.857,125.95399999999998
Trick,2012,1i8WVUZhMVNurF8rmlMeSH,Alex G,0.5555728038507821,0.520892900120337,-8.609571600481347,0.6113116726835138,0.0433714801444043,0.4746687268351383,0.5273105151263536,0.1610188929001203,0.410959687123947,120.30529723225028
Psychonautic Escapism,2022,5GHwUr05DkeURLtDtnmHe0,The Ephemeron Loop,0.1719767441860465,0.7303953488372092,-8.604674418604652,0.3720930232558139,0.112053488372093,0.1226560395348837,0.6499767441860465,0.2939116279069767,0.0753441860465116,109.50602325581396
Loveless,1991,3GH4IiI6jQAIvnHVdb5FB6,my bloody valentine,0.2343834264432029,0.627461824953445,-13.152078212290505,0.9087523277467412,0.0495303538175046,0.1649471921601489,0.7890689013035381,0.2348348230912476,0.2835405959031657,120.80106331471136
Hex,1994,7j98uMKCZuBQU1SPcrQAxP,Bark Psychosis,0.2969402985074626,0.22731243781094523,-19.938766169154228,0.0,0.038312437810945274,0.5389601990049752,0.7586865671641791,0.13174925373134327,0.06667860696517414,123.40135820895523
